CONFIG_ID;B;M;INSTANCES;BR;MR;BNR;MNR;BG;MG;BRG;MRG;BNRG;MNRG
179;32247408;32606479.025;40;1;3.95;0;0.59;0;0.192891679982279;1;3.95;0;0.59
274;32136666;32570858.8;40;1;2.575;0;0.315;0;0.083436886759856;1;2.575;0;0.315
286;32126680;32598344.225;40;1;3.8;0;0.56;0;0.167967120564235;1;3.8;0;0.56
377;32211426;32611899.825;40;1;4.225;0;0.645;0;0.209550649558991;1;4.225;0;0.645
481;32150215;32580957.325;40;1;2.9;0;0.38;0;0.114450672195727;1;2.9;0;0.38
414;32235680;32597143.475;40;1;3.55;0;0.51;0;0.164326044095017;1;3.55;0;0.51
