CONFIG_ID;B;M;INSTANCES;BR;MR;BNR;MNR;BG;MG;BRG;MRG;BNRG;MNRG
117;32203949;32621265.175;40;1;4.95;0;0.658333333333333;0;0.257000876025014;1;4.95;0;0.658333333333333
56;32208920;32610857.375;40;1;4.525;0;0.5875;0;0.225131285989277;1;4.525;0;0.5875
269;32134384;32590267.225;40;1;3.525;0;0.420833333333333;0;0.161778088181738;1;3.525;0;0.420833333333333
233;32149701;32569023.975;40;1;2.6;0;0.266666666666667;0;0.0964913743539956;1;2.6;0;0.266666666666667
363;32207234;32599297.8;40;1;4;0;0.5;0;0.189697469056111;1;4;0;0.5
403;32207674;32668072.375;40;1;5.975;0;0.829166666666667;0;0.40114642069192;1;5.975;0;0.829166666666667
394;32177525;32565995.075;40;1;2.425;0;0.2375;0;0.0874027853761872;1;2.425;0;0.2375
