CONFIG_ID;B;M;INSTANCES;BR;MR;BNR;MNR;BG;MG;BRG;MRG;BNRG;MNRG
59;32197377;32591206.1;40;1;3.65;0;0.378571428571429;0;0.161912927279026;1;3.65;0;0.378571428571429
120;32229000;32636736.525;40;2;5.85;0.142857142857143;0.692857142857143;0.077854061854407;0.301953437935821;2;5.85;0.142857142857143;0.692857142857143
300;32141837;32564908.025;40;1;2.325;0;0.189285714285714;0;0.0813829825910297;1;2.325;0;0.189285714285714
301;32176984;32573929.7;40;1;2.825;0;0.260714285714286;0;0.109001031917584;1;2.825;0;0.260714285714286
400;32265077;32638220.6;40;1;5.7;0;0.671428571428571;0;0.30647509860508;1;5.7;0;0.671428571428571
414;32235680;32597143.475;40;1;4.225;0;0.460714285714286;0;0.180337302056241;1;4.225;0;0.460714285714286
403;32207674;32668072.375;40;2;6.6;0.142857142857143;0.8;0.0144509043665524;0.398407140248632;2;6.6;0.142857142857143;0.8
474;32203196;32616019.125;40;2;4.825;0.142857142857143;0.546428571428571;0.00406544196523648;0.238328570470517;2;4.825;0.142857142857143;0.546428571428571
