CONFIG_ID;B;M;INSTANCES;BR;MR;BNR;MNR;BG;MG;BRG;MRG;BNRG;MNRG
147;32226605;32597486.2;40;1;4.525;0;0.440625;0;0.195088800694494;1;4.525;0;0.440625
144;32230227;32632794;40;3;6.45;0.25;0.68125;0.09449843076427;0.303578311110754;3;6.45;0.25;0.68125
223;32203880;32615362.325;40;2;5.75;0.125;0.59375;0.0402506950170617;0.249825564164989;2;5.75;0.125;0.59375
299;32166464;32573034.375;40;1;3.525;0;0.315625;0;0.119735578888537;1;3.525;0;0.315625
235;32181150;32584697.425;40;1;4.025;0;0.378125;0;0.155687981869056;1;4.025;0;0.378125
352;32171369;32661059.8;40;2;7.525;0.125;0.815625;0.00563887190854832;0.390240318815692;2;7.525;0.125;0.815625
472;32260939;32651405.5;40;3;7.275;0.25;0.784375;0.112125595265196;0.360809540650959;3;7.275;0.25;0.784375
440;32199219;32553086.325;40;1;2.125;0;0.140625;0;0.0586381679275572;1;2.125;0;0.140625
466;32236788;32582367.975;40;1;3.8;0;0.35;0;0.148630266225319;1;3.8;0;0.35
