CONFIG_ID;B;M;INSTANCES;BR;MR;BNR;MNR;BG;MG;BRG;MRG;BNRG;MNRG
69;32184584;32591351;40;1;4.725;0;0.465625;0;0.182927405768943;1;4.725;0;0.465625
19;32152706;32606637.6;40;1;5.775;0;0.596875;0;0.230091600258335;1;5.775;0;0.596875
331;32197553;32588117.9;40;1;4.525;0;0.440625;0;0.172849100885262;1;4.525;0;0.440625
300;32141837;32564908.025;40;1;3.15;0;0.26875;0;0.101648548978141;1;3.15;0;0.26875
338;32182944;32581179.225;40;1;4.025;0;0.378125;0;0.151674595381427;1;4.025;0;0.378125
380;32208531;32631294.85;40;1;6.8;0;0.725;0;0.305540610619167;1;6.8;0;0.725
369;32236142;32582779.55;40;1;4.125;0;0.390625;0;0.156789767634426;1;4.125;0;0.390625
424;32125876;32622169.45;40;1;6.55;0;0.69375;0;0.277296675229151;1;6.55;0;0.69375
410;32226505;32600816.55;40;2;5.325;0.125;0.540625;0.00203584973834851;0.211862764532477;2;5.325;0.125;0.540625
