CONFIG_ID;B;M;INSTANCES;BR;MR;BNR;MNR;BG;MG;BRG;MRG;BNRG;MNRG
66;32183289;32578670.05;40;1;2.95;0;0.278571428571429;0;0.115002818202117;1;2.95;0;0.278571428571429
10;32226119;32672243.2;40;2;6.4;0.142857142857143;0.771428571428571;0.107513915323125;0.402382627835355;2;6.4;0.142857142857143;0.771428571428571
100;32154003;32579380.65;40;1;3.05;0;0.292857142857143;0;0.116815030835429;1;3.05;0;0.292857142857143
185;32186462;32603428.3;40;1;4;0;0.428571428571429;0;0.191015848326793;1;4;0;0.428571428571429
470;32414611;32816247.2;40;6;7.95;0.714285714285714;0.992857142857143;0.398127003729598;0.844945093250439;6;7.95;0.714285714285714;0.992857142857143
400;32265077;32638220.6;40;1;5.4;0;0.628571428571429;0;0.29771799620647;1;5.4;0;0.628571428571429
417;32206272;32593069.7;40;1;3.725;0;0.389285714285714;0;0.159087009980518;1;3.725;0;0.389285714285714
483;32193995;32569548.5;40;1;2.5;0;0.214285714285714;0;0.0867714608932181;1;2.5;0;0.214285714285714
