CONFIG_ID;B;M;INSTANCES;BR;MR;BNR;MNR;BG;MG;BRG;MRG;BNRG;MNRG
67;32192935;32605902.9;40;1;3.7;0;0.45;0;0.205510650722824;1;3.7;0;0.45
108;32230912;32783700.025;40;2;5.575;0.166666666666667;0.7625;0.0740373586486657;0.750925597259199;2;5.575;0.166666666666667;0.7625
310;32183689;32606190.3;40;1;3.475;0;0.4125;0;0.206471871142692;1;3.475;0;0.4125
378;32182532;32618437.175;40;1;3.9;0;0.483333333333333;0;0.244340338691514;1;3.9;0;0.483333333333333
435;32103609;32569775.725;40;1;2.4;0;0.233333333333333;0;0.0946069290768423;1;2.4;0;0.233333333333333
421;32363020;32806610.85;40;5;6.775;0.666666666666667;0.9625;0.410431708761518;0.822841453842419;5;6.775;0.666666666666667;0.9625
431;32151523;32566327.45;40;1;2.175;0;0.195833333333333;0;0.0840468090108285;1;2.175;0;0.195833333333333
