CONFIG_ID;B;M;INSTANCES;BR;MR;BNR;MNR;BG;MG;BRG;MRG;BNRG;MNRG
82;32413225;32826510.225;40;7;8.775;0.75;0.971875;0.541352084507549;0.903506064661477;7;8.775;0.75;0.971875
19;32152706;32606637.6;40;1;4.6;0;0.45;0;0.228043980968613;1;4.6;0;0.45
128;32146263;32581920.925;40;1;3.4;0;0.3;0;0.151665233011947;1;3.4;0;0.3
141;32261440;32648844.15;40;2;6.075;0.125;0.634375;0.0483660781164515;0.357423865542046;2;6.075;0.125;0.634375
287;32136051;32586299.4;40;1;3.6;0;0.325;0;0.165118793436675;1;3.6;0;0.325
365;32155798;32580087;40;1;3.25;0;0.28125;0;0.146125339147004;1;3.25;0;0.28125
351;32231520;32723871.75;40;2;7.275;0.125;0.784375;0.0587657578544994;0.587552621381431;2;7.275;0.125;0.784375
440;32199219;32553086.325;40;1;2.125;0;0.140625;0;0.0632545843849196;1;2.125;0;0.140625
425;32254576;32639073.5;40;2;5.9;0.125;0.6125;0.136748919945724;0.327485825895123;2;5.9;0.125;0.6125
